country,year,inflation,GDP_per_capita,annual_net_earnings,unemployment_rate,crec_%_GDP_pc,crec__%_salario,crec_%_desempleo
AT,2000,2.0,123.66666666666667,20525.86,5.5826086956521745,,,
AT,2001,2.3,123.66666666666667,20773.99,5.5826086956521745,0.0,1.21,0.0
AT,2002,1.7,123.66666666666667,21179.51,5.5826086956521745,0.0,1.95,0.0
AT,2003,1.3,123.66666666666667,21956.82,5.7,0.0,3.67,2.1
AT,2004,2.0,123.66666666666667,22004.46,5.7,0.0,0.22,0.0
AT,2005,2.1,123.66666666666667,22783.76,5.7,0.0,3.54,0.0
AT,2006,1.7,123.66666666666667,23391.46,5.7,0.0,2.67,0.0
AT,2007,2.2,123.66666666666667,23970.23,5.7,0.0,2.47,0.0
AT,2008,3.2,123.66666666666667,24492.09,5.7,0.0,2.18,0.0
AT,2009,0.4,123.66666666666667,25427.88,5.7,0.0,3.82,0.0
AT,2010,1.7,123.66666666666667,25770.16,5.2,0.0,1.35,-8.77
AT,2011,3.6,123.66666666666667,26375.67,4.9,0.0,2.35,-5.77
AT,2012,2.6,123.66666666666667,26893.06,5.2,0.0,1.96,6.12
AT,2013,2.1,123.66666666666667,27520.54,5.7,0.0,2.33,9.62
AT,2014,1.5,129.0,27965.34,6.0,4.31,1.62,5.26
AT,2015,0.8,128.0,28524.14,6.1,-0.78,2.0,1.67
AT,2016,1.0,128.0,30601.53,6.5,0.0,7.28,6.56
AT,2017,2.2,125.0,31083.14,5.9,-2.34,1.57,-9.23
AT,2018,2.1,126.0,31640.93,5.2,0.8,1.79,-11.86
AT,2019,1.5,124.0,32325.12,4.8,-1.59,2.16,-7.69
AT,2020,1.4,123.0,33032.37,6.0,-0.81,2.19,25.0
AT,2021,2.8,121.0,33712.2,6.2,-1.63,2.06,3.33
AT,2022,8.6,123.0,36075.61,4.8,1.65,7.01,-22.58
AT,2023,7.7,121.0,38375.91,5.1,-1.63,6.38,6.25
AT,2024,2.9,119.0,41747.41,5.2,-1.65,8.79,1.96
AT,2025,3.6,117.0,41747.41,5.7,-1.68,0.0,9.62
BE,2000,2.7,117.58333333333333,18034.69,7.2565217391304335,,,
BE,2001,2.4,117.58333333333333,18884.08,7.2565217391304335,0.0,4.71,0.0
BE,2002,1.5,117.58333333333333,19686.29,7.2565217391304335,0.0,4.25,0.0
BE,2003,1.5,117.58333333333333,20097.88,8.0,0.0,2.09,10.25
BE,2004,1.9,117.58333333333333,20739.41,8.0,0.0,3.19,0.0
BE,2005,2.5,117.58333333333333,21273.34,8.0,0.0,2.57,0.0
BE,2006,2.3,117.58333333333333,21880.46,8.0,0.0,2.85,0.0
BE,2007,1.8,117.58333333333333,22396.96,8.0,0.0,2.36,0.0
BE,2008,4.5,117.58333333333333,23405.3,8.0,0.0,4.5,0.0
BE,2009,0.0,117.58333333333333,24323.59,8.0,0.0,3.92,0.0
BE,2010,2.3,117.58333333333333,24873.45,8.4,0.0,2.26,5.0
BE,2011,3.4,117.58333333333333,25519.86,7.2,0.0,2.6,-14.29
BE,2012,2.6,117.58333333333333,26287.51,7.6,0.0,3.01,5.56
BE,2013,1.2,117.58333333333333,26609.37,8.6,0.0,1.22,13.16
BE,2014,0.5,121.0,26775.94,8.7,2.91,0.63,1.16
BE,2015,0.6,119.0,26953.59,8.7,-1.65,0.66,0.0
BE,2016,1.8,118.0,27574.37,7.9,-0.84,2.3,-9.2
BE,2017,2.2,117.0,28238.77,7.2,-0.85,2.41,-8.86
BE,2018,2.3,116.0,29240.96,6.0,-0.85,3.55,-16.67
BE,2019,1.3,117.0,30188.71,5.5,0.86,3.24,-8.33
BE,2020,0.4,118.0,30539.81,5.8,0.85,1.16,5.45
BE,2021,3.2,117.0,31063.95,6.3,-0.85,1.72,8.62
BE,2022,10.3,118.0,32889.21,5.6,0.85,5.88,-11.11
BE,2023,2.3,118.0,35438.98,5.5,0.0,7.75,-1.79
BE,2024,4.3,117.0,36672.38,5.7,-0.85,3.48,3.64
BE,2025,3.0,115.0,36672.38,6.2,-1.71,0.0,8.77
BG,2000,10.3,57.0,5096.55,7.969565217391303,,,
BG,2001,7.4,57.0,5096.55,7.969565217391303,0.0,0.0,0.0
BG,2002,5.8,57.0,5096.55,7.969565217391303,0.0,0.0,0.0
BG,2003,2.3,57.0,5096.55,7.9,0.0,0.0,-0.87
BG,2004,6.1,57.0,5096.55,7.9,0.0,0.0,0.0
BG,2005,6.0,57.0,5096.55,7.9,0.0,0.0,0.0
BG,2006,7.4,57.0,5096.55,7.9,0.0,0.0,0.0
BG,2007,7.6,57.0,5096.55,7.9,0.0,0.0,0.0
BG,2008,12.0,57.0,5096.55,7.9,0.0,0.0,0.0
BG,2009,2.5,57.0,5772.28,7.9,0.0,13.26,0.0
BG,2010,3.0,57.0,6263.14,11.3,0.0,8.5,43.04
BG,2011,3.4,57.0,6642.77,12.3,0.0,6.06,8.85
BG,2012,2.4,57.0,7037.85,13.3,0.0,5.95,8.13
BG,2013,0.4,57.0,7428.24,13.9,0.0,5.55,4.51
BG,2014,-1.6,48.0,7889.17,12.4,-15.79,6.21,-10.79
BG,2015,-1.1,49.0,8486.5,10.1,2.08,7.57,-18.55
BG,2016,-1.3,51.0,9170.85,8.6,4.08,8.06,-14.85
BG,2017,1.2,52.0,10038.61,7.2,1.96,9.46,-16.28
BG,2018,2.6,53.0,10653.43,6.2,1.92,6.12,-13.89
BG,2019,2.5,55.0,11916.72,5.2,3.77,11.86,-16.13
BG,2020,1.2,57.0,12933.26,6.1,3.64,8.53,17.31
BG,2021,2.8,60.0,14583.77,5.2,5.26,12.76,-14.75
BG,2022,13.0,62.0,16759.62,4.2,3.33,14.92,-19.23
BG,2023,8.6,63.0,19343.63,4.3,1.61,15.42,2.38
BG,2024,2.6,66.0,21658.33,4.2,4.76,11.97,-2.33
BG,2025,3.5,68.0,21658.33,3.5,3.03,0.0,-16.67
CY,2000,4.9,90.41666666666667,15591.75,8.121739130434783,,,
CY,2001,2.0,90.41666666666667,15591.75,8.121739130434783,0.0,0.0,0.0
CY,2002,2.8,90.41666666666667,15591.75,8.121739130434783,0.0,0.0,0.0
CY,2003,4.0,90.41666666666667,15591.75,5.4,0.0,0.0,-33.51
CY,2004,1.9,90.41666666666667,15591.75,5.4,0.0,0.0,0.0
CY,2005,2.0,90.41666666666667,15591.75,5.4,0.0,0.0,0.0
CY,2006,2.2,90.41666666666667,16657.98,5.4,0.0,6.84,0.0
CY,2007,2.2,90.41666666666667,17572.13,5.4,0.0,5.49,0.0
CY,2008,4.4,90.41666666666667,17789.89142857143,5.4,0.0,1.24,0.0
CY,2009,0.2,90.41666666666667,18007.652857142857,5.4,0.0,1.22,0.0
CY,2010,2.6,90.41666666666667,18225.414285714287,6.3,0.0,1.21,16.67
CY,2011,3.5,90.41666666666667,18443.175714285713,7.9,0.0,1.19,25.4
CY,2012,3.1,90.41666666666667,18660.937142857143,11.9,0.0,1.18,50.63
CY,2013,0.4,90.41666666666667,18878.69857142857,15.9,0.0,1.17,33.61
CY,2014,-0.3,80.0,19096.46,16.1,-11.52,1.15,1.26
CY,2015,-1.5,81.0,19241.38,15.0,1.25,0.76,-6.83
CY,2016,-1.2,86.0,19386.3,13.0,6.17,0.75,-13.33
CY,2017,0.7,88.0,19531.22,11.1,2.33,0.75,-14.62
CY,2018,0.8,89.0,20026.89,8.4,1.14,2.54,-24.32
CY,2019,0.5,91.0,20282.76,7.2,2.25,1.28,-14.29
CY,2020,-1.1,89.0,20056.8,7.6,-2.2,-1.11,5.56
CY,2021,2.3,92.0,20459.03,7.2,3.37,2.01,-5.26
CY,2022,8.1,95.0,22006.36,6.3,3.26,7.56,-12.5
CY,2023,3.9,97.0,23476.75,5.8,2.11,6.68,-7.94
CY,2024,2.3,99.0,24230.0,4.9,2.06,3.21,-15.52
CY,2025,0.8,98.0,24230.0,4.4,-1.01,0.0,-10.2
CZ,2000,3.9,91.5,3503.73,4.904347826086956,,,
CZ,2001,4.5,91.5,3960.76,4.904347826086956,0.0,13.04,0.0
CZ,2002,1.4,91.5,4676.61,4.904347826086956,0.0,18.07,0.0
CZ,2003,-0.1,91.5,4721.51,6.7,0.0,0.96,36.61
CZ,2004,2.6,91.5,4999.03,6.7,0.0,5.88,0.0
CZ,2005,1.6,91.5,5587.37,6.7,0.0,11.77,0.0
CZ,2006,2.0,91.5,6394.53,6.7,0.0,14.45,0.0
CZ,2007,2.9,91.5,6962.34,6.7,0.0,8.88,0.0
CZ,2008,6.3,91.5,8345.91,6.7,0.0,19.87,0.0
CZ,2009,0.6,91.5,8240.09,6.7,0.0,-1.27,0.0
CZ,2010,1.2,91.5,8832.96,7.3,0.0,7.19,8.96
CZ,2011,2.2,91.5,9257.22,6.7,0.0,4.8,-8.22
CZ,2012,3.5,91.5,9311.44,7.0,0.0,0.59,4.48
CZ,2013,1.4,91.5,8973.79,7.0,0.0,-3.63,0.0
CZ,2014,0.4,88.0,8694.95,6.1,-3.83,-3.11,-12.86
CZ,2015,0.3,89.0,9017.25,5.1,1.14,3.71,-16.39
CZ,2016,0.7,89.0,9446.75,4.0,0.0,4.76,-21.57
CZ,2017,2.5,92.0,10263.3,2.9,3.37,8.64,-27.5
CZ,2018,1.9,93.0,11256.33,2.2,1.09,9.68,-24.14
CZ,2019,2.6,95.0,11992.68,2.0,2.15,6.54,-9.09
CZ,2020,3.3,96.0,11974.4,2.6,1.05,-0.15,30.0
CZ,2021,3.3,92.0,13969.74,2.8,-4.17,16.66,7.69
CZ,2022,14.8,90.0,15703.05,2.2,-2.17,12.41,-21.43
CZ,2023,12.0,91.0,17265.6,2.6,1.11,9.95,18.18
CZ,2024,2.7,91.0,17290.99,2.6,0.0,0.15,0.0
CZ,2025,2.3,92.0,17290.99,2.8,1.1,0.0,7.69
DE,2000,1.4,122.08333333333333,19538.92,5.0608695652173905,,,
DE,2001,1.9,122.08333333333333,20406.53,5.0608695652173905,0.0,4.44,0.0
DE,2002,1.3,122.08333333333333,20871.73,5.0608695652173905,0.0,2.28,0.0
DE,2003,1.1,122.08333333333333,21067.21,7.3,0.0,0.94,44.24
DE,2004,1.8,122.08333333333333,21992.56,7.3,0.0,4.39,0.0
DE,2005,1.9,122.08333333333333,22363.1,7.3,0.0,1.68,0.0
DE,2006,1.8,122.08333333333333,22504.85,7.3,0.0,0.63,0.0
DE,2007,2.3,122.08333333333333,23194.68,7.3,0.0,3.07,0.0
DE,2008,2.8,122.08333333333333,23841.5,7.3,0.0,2.79,0.0
DE,2009,0.2,122.08333333333333,23870.65,7.3,0.0,0.12,0.0
DE,2010,1.1,122.08333333333333,25374.06,6.6,0.0,6.3,-9.59
DE,2011,2.5,122.08333333333333,26088.04,5.5,0.0,2.81,-16.67
DE,2012,2.1,122.08333333333333,26729.62,5.1,0.0,2.46,-7.27
DE,2013,1.6,122.08333333333333,27171.02,4.9,0.0,1.65,-3.92
DE,2014,0.8,128.0,27791.42,4.7,4.85,2.28,-4.08
DE,2015,0.7,126.0,28410.71,4.4,-1.56,2.23,-6.38
DE,2016,0.4,126.0,28986.32,3.9,0.0,2.03,-11.36
DE,2017,1.7,126.0,29468.63,3.5,0.0,1.66,-10.26
DE,2018,1.9,125.0,30419.87,3.2,-0.79,3.23,-8.57
DE,2019,1.4,122.0,31486.26,2.9,-2.4,3.51,-9.38
DE,2020,0.4,123.0,31292.95,3.6,0.82,-0.61,24.14
DE,2021,3.2,120.0,32850.2,3.6,-2.44,4.98,0.0
DE,2022,8.7,120.0,35596.73,3.1,0.0,8.36,-13.89
DE,2023,6.0,118.0,37908.41,3.1,-1.67,6.49,0.0
DE,2024,2.5,116.0,39594.13,3.4,-1.69,4.45,9.68
DE,2025,2.3,115.0,39594.13,3.8,-0.86,0.0,11.76
DK,2000,2.7,128.33333333333334,22125.95,6.2391304347826075,,,
DK,2001,2.3,128.33333333333334,23268.35,6.2391304347826075,0.0,5.16,0.0
DK,2002,2.4,128.33333333333334,24439.83,6.2391304347826075,0.0,5.03,0.0
DK,2003,2.0,128.33333333333334,25154.0,6.4,0.0,2.92,2.58
DK,2004,0.9,128.33333333333334,26117.61,6.4,0.0,3.83,0.0
DK,2005,1.7,128.33333333333334,26440.34,6.4,0.0,1.24,0.0
DK,2006,1.9,128.33333333333334,27243.49,6.4,0.0,3.04,0.0
DK,2007,1.7,128.33333333333334,28469.57,6.4,0.0,4.5,0.0
DK,2008,3.6,128.33333333333334,29595.89,6.4,0.0,3.96,0.0
DK,2009,1.1,128.33333333333334,30962.07,6.4,0.0,4.62,0.0
DK,2010,2.2,128.33333333333334,32349.16,7.7,0.0,4.48,20.31
DK,2011,2.7,128.33333333333334,33153.43,7.8,0.0,2.49,1.3
DK,2012,2.4,128.33333333333334,33617.32,7.8,0.0,1.4,0.0
DK,2013,0.5,128.33333333333334,33873.44,7.4,0.0,0.76,-5.13
DK,2014,0.3,128.0,34330.38,6.9,-0.26,1.35,-6.76
DK,2015,0.2,127.0,34689.46,6.3,-0.78,1.05,-8.7
DK,2016,0.0,126.0,35021.65,6.0,-0.79,0.96,-4.76
DK,2017,1.1,128.0,35558.92,5.8,1.59,1.53,-3.33
DK,2018,0.7,127.0,36307.24,5.1,-0.78,2.1,-12.07
DK,2019,0.7,125.0,37133.59,5.0,-1.57,2.28,-1.96
DK,2020,0.3,132.0,37878.85,5.6,5.6,2.01,12.0
DK,2021,1.9,133.0,39315.61,5.1,0.76,3.79,-8.93
DK,2022,8.6,134.0,40710.04,4.5,0.75,3.55,-11.76
DK,2023,3.4,126.0,42357.77,5.1,-5.97,4.05,13.33
DK,2024,1.3,127.0,43912.73,6.2,0.79,3.67,21.57
DK,2025,1.8,127.0,43912.73,6.4,0.0,0.0,3.23
EE,2000,3.9,80.83333333333333,3068.14,9.491304347826086,,,
EE,2001,5.6,80.83333333333333,3465.43,9.491304347826086,0.0,12.95,0.0
EE,2002,3.6,80.83333333333333,3804.81,9.491304347826086,0.0,9.79,0.0
EE,2003,1.4,80.83333333333333,4105.69,13.5,0.0,7.91,42.24
EE,2004,3.0,80.83333333333333,4470.88,13.5,0.0,8.89,0.0
EE,2005,4.1,80.83333333333333,5056.23,13.5,0.0,13.09,0.0
EE,2006,4.4,80.83333333333333,6059.12,13.5,0.0,19.83,0.0
EE,2007,6.7,80.83333333333333,7268.34,13.5,0.0,19.96,0.0
EE,2008,10.6,80.83333333333333,8249.98,13.5,0.0,13.51,0.0
EE,2009,0.2,80.83333333333333,7729.45,13.5,0.0,-6.31,0.0
EE,2010,2.7,80.83333333333333,7820.19,16.6,0.0,1.17,22.96
EE,2011,5.1,80.83333333333333,8324.26,12.3,0.0,6.45,-25.9
EE,2012,4.2,80.83333333333333,8812.65,9.9,0.0,5.87,-19.51
EE,2013,3.2,80.83333333333333,9445.7,8.6,0.0,7.18,-13.13
EE,2014,0.5,78.0,9914.95,7.3,-3.51,4.97,-15.12
EE,2015,0.1,77.0,10638.42,6.4,-1.28,7.3,-12.33
EE,2016,0.8,78.0,11454.71,6.8,1.3,7.67,6.25
EE,2017,3.7,80.0,12233.44,5.8,2.56,6.8,-14.71
EE,2018,3.4,82.0,13437.69,5.4,2.5,9.84,-6.9
EE,2019,2.3,84.0,14169.6,4.5,2.44,5.45,-16.67
EE,2020,-0.6,85.0,14444.62,6.9,1.19,1.94,53.33
EE,2021,4.5,85.0,15300.44,6.2,0.0,5.92,-10.14
EE,2022,19.4,83.0,16472.09,5.6,-2.35,7.66,-9.68
EE,2023,9.1,80.0,18141.98,6.4,-3.61,10.14,14.29
EE,2024,3.7,79.0,19022.58,7.6,-1.25,4.85,18.75
EE,2025,4.8,79.0,19022.58,7.5,0.0,0.0,-1.32
EL,2000,2.9,66.91666666666667,12120.36,15.73913043478261,,,
EL,2001,3.6,66.91666666666667,12441.84,15.73913043478261,0.0,2.65,0.0
EL,2002,3.9,66.91666666666667,13516.99,15.73913043478261,0.0,8.64,0.0
EL,2003,3.5,66.91666666666667,14856.58,9.8,0.0,9.91,-37.73
EL,2004,3.0,66.91666666666667,16167.61,9.8,0.0,8.82,0.0
EL,2005,3.5,66.91666666666667,16572.85,9.8,0.0,2.51,0.0
EL,2006,3.3,66.91666666666667,17630.36,9.8,0.0,6.38,0.0
EL,2007,3.0,66.91666666666667,17790.09,9.8,0.0,0.91,0.0
EL,2008,4.2,66.91666666666667,17897.36,9.8,0.0,0.6,0.0
EL,2009,1.3,66.91666666666667,18510.86,9.8,0.0,3.43,0.0
EL,2010,4.7,66.91666666666667,18567.44,12.9,0.0,0.31,31.63
EL,2011,3.1,66.91666666666667,17545.08,18.1,0.0,-5.51,40.31
EL,2012,1.0,66.91666666666667,17117.04,24.8,0.0,-2.44,37.02
EL,2013,-0.9,66.91666666666667,15810.81,27.8,0.0,-7.63,12.1
EL,2014,-1.4,71.0,16070.17,26.6,6.1,1.64,-4.32
EL,2015,-1.1,69.0,15601.94,25.0,-2.82,-2.91,-6.02
EL,2016,0.0,67.0,14979.79,23.9,-2.9,-3.99,-4.4
EL,2017,1.1,67.0,14863.67,21.8,0.0,-0.78,-8.79
EL,2018,0.8,66.0,14850.01,19.7,-1.49,-0.09,-9.63
EL,2019,0.5,66.0,15112.49,17.9,0.0,1.77,-9.14
EL,2020,-1.3,62.0,14247.43,17.6,-6.06,-5.72,-1.68
EL,2021,0.6,64.0,15407.96,14.7,3.23,8.15,-16.48
EL,2022,9.3,66.0,16819.51,12.5,3.12,9.16,-14.97
EL,2023,4.2,68.0,18022.41,11.1,3.03,7.15,-11.2
EL,2024,3.0,69.0,18709.02,10.1,1.47,3.81,-9.01
EL,2025,2.9,68.0,18709.02,8.9,-1.45,0.0,-11.88
ES,2000,3.5,89.83333333333333,13881.61,17.730434782608693,,,
ES,2001,2.8,89.83333333333333,14308.82,17.730434782608693,0.0,3.08,0.0
ES,2002,3.6,89.83333333333333,14793.85,17.730434782608693,0.0,3.39,0.0
ES,2003,3.1,89.83333333333333,15548.87,17.9,0.0,5.1,0.96
ES,2004,3.1,89.83333333333333,16019.09,17.9,0.0,3.02,0.0
ES,2005,3.4,89.83333333333333,16432.64,17.9,0.0,2.58,0.0
ES,2006,3.6,89.83333333333333,16832.53,17.9,0.0,2.43,0.0
ES,2007,2.8,89.83333333333333,17461.33,17.9,0.0,3.74,0.0
ES,2008,4.1,89.83333333333333,18765.37,17.9,0.0,7.47,0.0
ES,2009,-0.2,89.83333333333333,19380.5,17.9,0.0,3.28,0.0
ES,2010,2.0,89.83333333333333,19399.72,19.9,0.0,0.1,11.17
ES,2011,3.1,89.83333333333333,19891.57,21.4,0.0,2.54,7.54
ES,2012,2.4,89.83333333333333,19975.06,24.8,0.0,0.42,15.89
ES,2013,1.5,89.83333333333333,20061.89,26.1,0.0,0.43,5.24
ES,2014,-0.2,90.0,20169.47,24.5,0.19,0.54,-6.13
ES,2015,-0.6,91.0,20844.88,22.1,1.11,3.35,-9.8
ES,2016,-0.3,92.0,20827.52,19.6,1.1,-0.08,-11.31
ES,2017,2.0,93.0,20948.65,17.2,1.09,0.58,-12.24
ES,2018,1.7,91.0,21198.42,15.3,-2.15,1.19,-11.05
ES,2019,0.8,91.0,21481.84,14.1,0.0,1.34,-7.84
ES,2020,-0.3,83.0,20632.83,15.5,-8.79,-3.95,9.93
ES,2021,3.0,85.0,21668.52,14.9,2.41,5.02,-3.87
ES,2022,8.3,88.0,22577.6,13.0,3.53,4.2,-12.75
ES,2023,3.4,91.0,23597.08,12.2,3.41,4.52,-6.15
ES,2024,2.9,91.0,24570.88,11.4,0.0,4.13,-6.56
ES,2025,2.7,92.0,24570.88,10.5,1.1,0.0,-7.89
FI,2000,3.0,107.33333333333333,17430.51,8.191304347826087,,,
FI,2001,2.7,107.33333333333333,18511.05,8.191304347826087,0.0,6.2,0.0
FI,2002,2.0,107.33333333333333,19585.21,8.191304347826087,0.0,5.8,0.0
FI,2003,1.3,107.33333333333333,20290.01,8.3,0.0,3.6,1.33
FI,2004,0.1,107.33333333333333,21262.64,8.3,0.0,4.79,0.0
FI,2005,0.8,107.33333333333333,22124.75,8.3,0.0,4.05,0.0
FI,2006,1.3,107.33333333333333,23282.87,8.3,0.0,5.23,0.0
FI,2007,1.6,107.33333333333333,24744.36,8.3,0.0,6.28,0.0
FI,2008,3.9,107.33333333333333,26026.18,8.3,0.0,5.18,0.0
FI,2009,1.6,107.33333333333333,27191.47,8.3,0.0,4.48,0.0
FI,2010,1.7,107.33333333333333,27803.54,8.6,0.0,2.25,3.61
FI,2011,3.3,107.33333333333333,28421.92,8.0,0.0,2.22,-6.98
FI,2012,3.2,107.33333333333333,29246.92,7.9,0.0,2.9,-1.25
FI,2013,2.2,107.33333333333333,29654.15,8.3,0.0,1.39,5.06
FI,2014,1.2,111.0,29641.38,8.7,3.42,-0.04,4.82
FI,2015,-0.2,109.0,29918.29,9.4,-1.8,0.93,8.05
FI,2016,0.4,109.0,30306.38,8.9,0.0,1.3,-5.32
FI,2017,0.8,110.0,30805.85,8.7,0.92,1.65,-2.25
FI,2018,1.2,109.0,31400.22,7.5,-0.91,1.93,-13.79
FI,2019,1.1,107.0,32135.14,6.8,-1.83,2.34,-9.33
FI,2020,0.4,112.0,33191.98,7.7,4.67,3.29,13.24
FI,2021,2.1,109.0,33906.14,7.7,-2.68,2.15,0.0
FI,2022,7.2,106.0,35001.16,6.8,-2.75,3.23,-11.69
FI,2023,4.3,103.0,36266.13,7.2,-2.83,3.61,5.88
FI,2024,1.0,102.0,36876.61,8.4,-0.97,1.68,16.67
FI,2025,1.8,101.0,36876.61,9.7,-0.98,0.0,15.48
FR,2000,1.8,102.25,18923.39,8.756521739130434,,,
FR,2001,1.8,102.25,19510.12,8.756521739130434,0.0,3.1,0.0
FR,2002,1.9,102.25,20169.96,8.756521739130434,0.0,3.38,0.0
FR,2003,2.2,102.25,20612.84,8.5,0.0,2.2,-2.93
FR,2004,2.3,102.25,21131.59,8.9,0.0,2.52,4.71
FR,2005,1.9,102.25,21709.55,8.9,0.0,2.74,0.0
FR,2006,1.9,102.25,22675.17,8.9,0.0,4.45,0.0
FR,2007,1.6,102.25,23415.09,8.0,0.0,3.26,-10.11
FR,2008,3.2,102.25,24249.73,7.4,0.0,3.56,-7.5
FR,2009,0.1,102.25,24627.9,9.1,0.0,1.56,22.97
FR,2010,1.7,102.25,25031.8,9.3,0.0,1.64,2.2
FR,2011,2.3,102.25,25576.25,9.2,0.0,2.18,-1.08
FR,2012,2.2,102.25,25978.92,9.8,0.0,1.57,6.52
FR,2013,1.0,102.25,26269.14,10.3,0.0,1.12,5.1
FR,2014,0.6,108.0,26578.46,10.3,5.62,1.18,0.0
FR,2015,0.1,106.0,26958.75,10.3,-1.85,1.43,0.0
FR,2016,0.3,105.0,26880.7,10.1,-0.94,-0.29,-1.94
FR,2017,1.2,103.0,27022.48,9.4,-1.9,0.53,-6.93
FR,2018,2.1,103.0,27662.94,9.0,0.0,2.37,-4.26
FR,2019,1.3,105.0,28153.78,8.4,1.94,1.77,-6.67
FR,2020,0.5,104.0,27472.33,8.0,-0.95,-2.42,-4.76
FR,2021,2.1,101.0,28649.83,7.9,-2.88,4.29,-1.25
FR,2022,5.9,97.0,30241.44,7.3,-3.96,5.56,-7.59
FR,2023,5.7,99.0,31573.51,7.3,2.06,4.4,0.0
FR,2024,2.3,98.0,32353.63,7.4,-1.01,2.47,1.37
FR,2025,0.9,98.0,32353.63,7.7,0.0,0.0,4.05
HR,2000,4.4,68.25,7937.17,10.147826086956522,,,
HR,2001,4.3,68.25,7937.17,10.147826086956522,0.0,0.0,0.0
HR,2002,2.5,68.25,7937.17,10.147826086956522,0.0,0.0,0.0
HR,2003,2.4,68.25,7937.17,9.2,0.0,0.0,-9.34
HR,2004,2.1,68.25,7937.17,9.2,0.0,0.0,0.0
HR,2005,3.0,68.25,7937.17,9.2,0.0,0.0,0.0
HR,2006,3.3,68.25,7937.17,9.2,0.0,0.0,0.0
HR,2007,2.7,68.25,7937.17,9.2,0.0,0.0,0.0
HR,2008,5.8,68.25,7937.17,9.2,0.0,0.0,0.0
HR,2009,2.2,68.25,7937.17,9.2,0.0,0.0,0.0
HR,2010,1.1,68.25,7937.17,11.7,0.0,0.0,27.17
HR,2011,2.2,68.25,7937.17,13.7,0.0,0.0,17.09
HR,2012,3.4,68.25,7937.17,16.1,0.0,0.0,17.52
HR,2013,2.3,68.25,7937.17,17.3,0.0,0.0,7.45
HR,2014,0.2,60.0,7970.4,17.3,-12.09,0.42,0.0
HR,2015,-0.3,61.0,8296.67,16.2,1.67,4.09,-6.36
HR,2016,-0.6,62.0,8443.99,13.0,1.64,1.78,-19.75
HR,2017,1.3,63.0,8788.64,11.1,1.61,4.08,-14.62
HR,2018,1.6,64.0,9168.35,8.3,1.59,4.32,-25.23
HR,2019,0.8,67.0,9428.49,6.6,4.69,2.84,-20.48
HR,2020,0.0,66.0,9815.98,7.4,-1.49,4.11,12.12
HR,2021,2.7,70.0,10382.66,7.5,6.06,5.77,1.35
HR,2022,10.7,72.0,11224.52,6.8,2.86,8.11,-9.33
HR,2023,8.4,78.0,12601.07,6.1,8.33,12.26,-10.29
HR,2024,4.0,78.0,13809.88,5.0,0.0,9.59,-18.03
HR,2025,4.4,78.0,13809.88,4.9,0.0,0.0,-2.0
HU,2000,10.0,73.0,2684.84,7.156521739130435,,,
HU,2001,9.1,73.0,3024.35,7.156521739130435,0.0,12.65,0.0
HU,2002,5.2,73.0,3723.71,7.156521739130435,0.0,23.12,0.0
HU,2003,4.7,73.0,4112.51,9.7,0.0,10.44,35.54
HU,2004,6.8,73.0,4418.69,9.7,0.0,7.45,0.0
HU,2005,3.5,73.0,4857.23,9.7,0.0,9.92,0.0
HU,2006,4.0,73.0,4865.34,9.7,0.0,0.17,0.0
HU,2007,7.9,73.0,5249.28,9.7,0.0,7.89,0.0
HU,2008,6.0,73.0,5734.59,9.7,0.0,9.25,0.0
HU,2009,4.0,73.0,5409.39,9.7,0.0,-5.67,0.0
HU,2010,4.7,73.0,6256.57,10.8,0.0,15.66,11.34
HU,2011,3.9,73.0,6146.32,10.7,0.0,-1.76,-0.93
HU,2012,5.7,73.0,6369.22,10.7,0.0,3.63,0.0
HU,2013,1.7,73.0,6475.08,9.8,0.0,1.66,-8.41
HU,2014,0.0,69.0,6478.42,7.5,-5.48,0.05,-23.47
HU,2015,0.1,70.0,6703.57,6.6,1.45,3.48,-12.0
HU,2016,0.4,69.0,7138.72,5.0,-1.43,6.49,-24.24
HU,2017,2.4,69.0,8023.72,4.0,0.0,12.4,-20.0
HU,2018,2.9,72.0,8586.94,3.6,4.35,7.02,-10.0
HU,2019,3.4,73.0,9390.54,3.3,1.39,9.36,-8.33
HU,2020,3.4,75.0,9549.21,4.1,2.74,1.69,24.24
HU,2021,5.2,75.0,10074.96,4.0,0.0,5.51,-2.44
HU,2022,15.3,76.0,10667.45,3.6,1.33,5.88,-10.0
HU,2023,17.0,76.0,12719.75,4.1,0.0,19.24,13.89
HU,2024,3.7,76.0,13883.04,4.5,0.0,9.15,9.76
HU,2025,4.4,76.0,13883.04,4.4,0.0,0.0,-2.22
IE,2000,5.3,201.33333333333334,20955.6,9.786956521739128,,,
IE,2001,4.0,201.33333333333334,24226.45,9.786956521739128,0.0,15.61,0.0
IE,2002,4.7,201.33333333333334,25751.62,9.786956521739128,0.0,6.3,0.0
IE,2003,4.0,201.33333333333334,26885.98,12.6,0.0,4.41,28.74
IE,2004,2.3,201.33333333333334,28094.38,12.6,0.0,4.49,0.0
IE,2005,2.2,201.33333333333334,29375.79,12.6,0.0,4.56,0.0
IE,2006,2.7,201.33333333333334,30879.33,12.6,0.0,5.12,0.0
IE,2007,2.9,201.33333333333334,32646.18,12.6,0.0,5.72,0.0
IE,2008,3.1,201.33333333333334,34033.21,12.6,0.0,4.25,0.0
IE,2009,-1.7,201.33333333333334,32441.06,12.6,0.0,-4.68,0.0
IE,2010,-1.6,201.33333333333334,32138.69,14.6,0.0,-0.93,15.87
IE,2011,1.2,201.33333333333334,31159.23,15.4,0.0,-3.05,5.48
IE,2012,1.9,201.33333333333334,31541.73,15.5,0.0,1.23,0.65
IE,2013,0.5,201.33333333333334,31531.28,13.8,0.0,-0.03,-10.97
IE,2014,0.3,141.0,31687.39,11.9,-29.97,0.5,-13.77
IE,2015,0.0,185.0,32344.52,9.9,31.21,2.07,-16.81
IE,2016,-0.2,178.0,33346.95,8.4,-3.78,3.1,-15.15
IE,2017,0.3,187.0,33976.58,6.7,5.06,1.89,-20.24
IE,2018,0.7,192.0,35126.52,5.8,2.67,3.38,-13.43
IE,2019,0.9,190.0,38252.2,5.0,-1.04,8.9,-13.79
IE,2020,-0.5,205.0,38842.71,5.9,7.89,1.54,18.0
IE,2021,2.4,225.0,39930.32,6.2,9.76,2.8,5.08
IE,2022,8.1,237.0,41062.91,4.5,5.33,2.84,-27.42
IE,2023,5.2,218.0,43896.82,4.3,-8.02,6.9,-4.44
IE,2024,1.3,221.0,46207.8,4.3,1.38,5.26,0.0
IE,2025,2.1,237.0,46207.8,4.7,7.24,0.0,9.3
IT,2000,2.6,97.0,15290.8,9.182608695652174,,,
IT,2001,2.3,97.0,15866.15,9.182608695652174,0.0,3.76,0.0
IT,2002,2.6,97.0,16104.1,9.182608695652174,0.0,1.5,0.0
IT,2003,2.8,97.0,16617.85,7.9,0.0,3.19,-13.97
IT,2004,2.3,97.0,16958.72,7.9,0.0,2.05,0.0
IT,2005,2.2,97.0,17601.62,7.9,0.0,3.79,0.0
IT,2006,2.2,97.0,17984.55,7.9,0.0,2.18,0.0
IT,2007,2.0,97.0,18272.59,7.9,0.0,1.6,0.0
IT,2008,3.5,97.0,18917.81,7.9,0.0,3.53,0.0
IT,2009,0.8,97.0,19269.56,7.9,0.0,1.86,0.0
IT,2010,1.6,97.0,19705.17,8.5,0.0,2.26,7.59
IT,2011,2.9,97.0,19983.62,8.5,0.0,1.41,0.0
IT,2012,3.3,97.0,20327.68,10.9,0.0,1.72,28.24
IT,2013,1.3,97.0,20656.6,12.4,0.0,1.62,13.76
IT,2014,0.2,98.0,20930.61,12.9,1.03,1.33,4.03
IT,2015,0.2,97.0,21051.62,12.0,-1.02,0.58,-6.98
IT,2016,-0.1,99.0,21092.75,11.7,2.06,0.2,-2.5
IT,2017,1.3,98.0,21138.65,11.3,-1.01,0.22,-3.42
IT,2018,1.2,97.0,21294.82,10.6,-1.02,0.74,-6.19
IT,2019,0.7,96.0,21500.18,9.9,-1.03,0.96,-6.6
IT,2020,-0.2,93.0,22507.69,9.3,-3.12,4.69,-6.06
IT,2021,2.0,96.0,23511.64,9.5,3.23,4.46,2.15
IT,2022,8.7,98.0,23839.29,8.1,2.08,1.39,-14.74
IT,2023,5.9,98.0,24592.51,7.7,0.0,3.16,-4.94
IT,2024,1.1,98.0,24797.02,6.5,0.0,0.83,-15.58
IT,2025,1.6,96.0,24797.02,6.1,-2.04,0.0,-6.15
LT,2000,1.1,82.5,2270.4,10.643478260869564,,,
LT,2001,1.5,82.5,2343.04,10.643478260869564,0.0,3.2,0.0
LT,2002,0.3,82.5,2510.39,10.643478260869564,0.0,7.14,0.0
LT,2003,-1.1,82.5,2694.34,13.8,0.0,7.33,29.66
LT,2004,1.2,82.5,2871.84,13.8,0.0,6.59,0.0
LT,2005,2.7,82.5,3137.2,13.8,0.0,9.24,0.0
LT,2006,3.8,82.5,3751.73,13.8,0.0,19.59,0.0
LT,2007,5.8,82.5,4714.12,13.8,0.0,25.65,0.0
LT,2008,11.1,82.5,5667.32,13.8,0.0,20.22,0.0
LT,2009,4.2,82.5,5361.47,13.8,0.0,-5.4,0.0
LT,2010,1.2,82.5,5245.02,17.8,0.0,-2.17,28.99
LT,2011,4.1,82.5,5401.3,15.4,0.0,2.98,-13.48
LT,2012,3.2,82.5,5635.73,13.4,0.0,4.34,-12.99
LT,2013,1.2,82.5,5954.89,11.8,0.0,5.66,-11.94
LT,2014,0.2,75.0,6284.47,10.7,-9.09,5.53,-9.32
LT,2015,-0.7,75.0,6651.85,9.1,0.0,5.85,-14.95
LT,2016,0.7,75.0,7217.25,7.9,0.0,8.5,-13.19
LT,2017,3.7,78.0,7897.69,7.1,4.0,9.43,-10.13
LT,2018,2.5,81.0,8690.66,6.2,3.85,10.04,-12.68
LT,2019,2.2,83.0,9794.92,6.3,2.47,12.71,1.61
LT,2020,1.1,87.0,10787.57,8.5,4.82,10.13,34.92
LT,2021,4.6,88.0,11798.21,7.1,1.15,9.37,-16.47
LT,2022,18.9,87.0,13297.64,6.0,-1.14,12.71,-15.49
LT,2023,8.7,86.0,14783.41,6.9,-1.15,11.17,15.0
LT,2024,0.9,87.0,15909.06,7.1,1.16,7.61,2.9
LT,2025,3.4,88.0,15909.06,6.9,1.15,0.0,-2.82
LU,2000,3.8,259.0833333333333,25591.03,5.495652173913044,,,
LU,2001,2.4,259.0833333333333,27493.08,5.495652173913044,0.0,7.43,0.0
LU,2002,2.1,259.0833333333333,29222.58,5.495652173913044,0.0,6.29,0.0
LU,2003,2.5,259.0833333333333,29859.4,5.1,0.0,2.18,-7.2
LU,2004,3.2,259.0833333333333,30419.68,5.1,0.0,1.88,0.0
LU,2005,3.8,259.0833333333333,31176.33,5.1,0.0,2.49,0.0
LU,2006,3.0,259.0833333333333,31969.4,5.1,0.0,2.54,0.0
LU,2007,2.7,259.0833333333333,32727.56,5.1,0.0,2.37,0.0
LU,2008,4.1,259.0833333333333,34156.3,5.1,0.0,4.37,0.0
LU,2009,0.0,259.0833333333333,35539.77,5.1,0.0,4.05,0.0
LU,2010,2.8,259.0833333333333,36167.09,4.4,0.0,1.77,-13.73
LU,2011,3.7,259.0833333333333,36278.25,4.9,0.0,0.31,11.36
LU,2012,2.9,259.0833333333333,37354.34,5.1,0.0,2.97,4.08
LU,2013,1.7,259.0833333333333,37792.02,5.9,0.0,1.17,15.69
LU,2014,0.7,280.0,38443.48,5.9,8.07,1.72,0.0
LU,2015,0.1,279.0,38630.79,6.7,-0.36,0.49,13.56
LU,2016,0.0,276.0,38935.73,6.3,-1.08,0.79,-5.97
LU,2017,2.1,266.0,41340.39,5.5,-3.62,6.18,-12.7
LU,2018,2.0,258.0,42063.48,5.6,-3.01,1.75,1.82
LU,2019,1.7,249.0,42650.77,5.6,-3.49,1.4,0.0
LU,2020,0.0,256.0,44374.32,6.8,2.81,4.04,21.43
LU,2021,3.5,263.0,44934.82,5.3,2.73,1.26,-22.06
LU,2022,8.2,250.0,46884.89,4.6,-4.94,4.34,-13.21
LU,2023,2.9,248.0,48797.5,5.2,-0.8,4.08,13.04
LU,2024,2.3,245.0,50409.61,6.4,-1.21,3.3,23.08
LU,2025,2.5,239.0,50409.61,6.5,-2.45,0.0,1.56
LV,2000,2.6,66.66666666666667,1670.31,12.291304347826085,,,
LV,2001,2.5,66.66666666666667,1784.97,12.291304347826085,0.0,6.86,0.0
LV,2002,2.0,66.66666666666667,1891.44,12.291304347826085,0.0,5.96,0.0
LV,2003,2.9,66.66666666666667,2096.19,17.7,0.0,10.83,44.0
LV,2004,6.2,66.66666666666667,2333.7,17.7,0.0,11.33,0.0
LV,2005,6.9,66.66666666666667,2702.25,17.7,0.0,15.79,0.0
LV,2006,6.6,66.66666666666667,3371.65,17.7,0.0,24.77,0.0
LV,2007,10.1,66.66666666666667,4431.28,17.7,0.0,31.43,0.0
LV,2008,15.3,66.66666666666667,5443.86,17.7,0.0,22.85,0.0
LV,2009,3.3,66.66666666666667,5424.98,17.7,0.0,-0.35,0.0
LV,2010,-1.2,66.66666666666667,5068.61,19.7,0.0,-6.57,11.3
LV,2011,4.2,66.66666666666667,5286.45,16.3,0.0,4.3,-17.26
LV,2012,2.3,66.66666666666667,5462.67,15.1,0.0,3.33,-7.36
LV,2013,0.0,66.66666666666667,5776.88,11.9,0.0,5.75,-21.19
LV,2014,0.7,61.0,6264.34,10.9,-8.5,8.44,-8.4
LV,2015,0.2,62.0,6814.57,9.9,1.64,8.78,-9.17
LV,2016,0.1,63.0,7212.23,9.7,1.61,5.84,-2.02
LV,2017,2.9,64.0,7772.59,8.7,1.59,7.77,-10.31
LV,2018,2.6,66.0,8474.82,7.4,3.12,9.03,-14.94
LV,2019,2.7,66.0,9144.05,6.3,0.0,7.9,-14.86
LV,2020,0.1,69.0,9786.84,8.1,4.55,7.03,28.57
LV,2021,3.2,71.0,11229.49,7.6,2.9,14.74,-6.17
LV,2022,17.2,69.0,12147.46,6.9,-2.82,8.17,-9.21
LV,2023,9.1,70.0,13418.0,6.5,1.45,10.46,-5.8
LV,2024,1.3,68.0,14550.22,6.9,-2.86,8.44,6.15
LV,2025,3.8,71.0,14550.22,6.9,4.41,0.0,0.0
MT,2000,3.0,104.83333333333333,11624.5,5.3826086956521735,,,
MT,2001,2.5,104.83333333333333,11624.5,5.3826086956521735,0.0,0.0,0.0
MT,2002,2.6,104.83333333333333,11624.5,5.3826086956521735,0.0,0.0,0.0
MT,2003,1.9,104.83333333333333,11624.5,6.9,0.0,0.0,28.19
MT,2004,2.7,104.83333333333333,11624.5,6.9,0.0,0.0,0.0
MT,2005,2.5,104.83333333333333,11624.5,6.9,0.0,0.0,0.0
MT,2006,2.6,104.83333333333333,11950.15,6.9,0.0,2.8,0.0
MT,2007,0.7,104.83333333333333,12514.21,6.9,0.0,4.72,0.0
MT,2008,4.7,104.83333333333333,13542.87,6.9,0.0,8.22,0.0
MT,2009,1.8,104.83333333333333,13883.84,6.9,0.0,2.52,0.0
MT,2010,2.0,104.83333333333333,14473.93,6.9,0.0,4.25,0.0
MT,2011,2.5,104.83333333333333,15642.97,6.4,0.0,8.08,-7.25
MT,2012,3.2,104.83333333333333,15999.95,6.2,0.0,2.28,-3.12
MT,2013,1.0,104.83333333333333,16306.0,6.1,0.0,1.91,-1.61
MT,2014,0.8,94.0,16010.0,5.7,-10.33,-1.82,-6.56
MT,2015,1.2,99.0,16337.95,5.4,5.32,2.05,-5.26
MT,2016,0.9,100.0,16926.2,4.7,1.01,3.6,-12.96
MT,2017,1.3,106.0,17305.15,4.0,6.0,2.24,-14.89
MT,2018,1.7,107.0,17890.15,4.0,0.94,3.38,0.0
MT,2019,1.5,106.0,19107.19,4.1,-0.93,6.8,2.5
MT,2020,0.8,105.0,19652.9,4.9,-0.94,2.86,19.51
MT,2021,0.7,109.0,18292.5,3.8,3.81,-6.92,-22.45
MT,2022,6.1,103.0,19784.81,3.5,-5.5,8.16,-7.89
MT,2023,5.6,109.0,20555.05,3.5,5.83,3.89,0.0
MT,2024,2.4,110.0,22859.04,3.2,0.92,11.21,-8.57
MT,2025,2.4,110.0,22859.04,3.1,0.0,0.0,-3.12
NL,2000,2.3,131.58333333333334,21176.15,5.530434782608697,,,
NL,2001,5.1,131.58333333333334,23516.66,5.530434782608697,0.0,11.05,0.0
NL,2002,3.9,131.58333333333334,24412.39,5.530434782608697,0.0,3.81,0.0
NL,2003,2.2,131.58333333333334,25207.28,5.4,0.0,3.26,-2.36
NL,2004,1.4,131.58333333333334,25562.89,5.4,0.0,1.41,0.0
NL,2005,1.5,131.58333333333334,26118.14,5.4,0.0,2.17,0.0
NL,2006,1.6,131.58333333333334,27543.04,5.4,0.0,5.46,0.0
NL,2007,1.6,131.58333333333334,28361.73,5.4,0.0,2.97,0.0
NL,2008,2.2,131.58333333333334,28976.84,5.4,0.0,2.17,0.0
NL,2009,1.0,131.58333333333334,30291.69,5.4,0.0,4.54,0.0
NL,2010,0.9,131.58333333333334,30901.41,6.1,0.0,2.01,12.96
NL,2011,2.5,131.58333333333334,31612.2,6.0,0.0,2.3,-1.64
NL,2012,2.8,131.58333333333334,31732.71,6.8,0.0,0.38,13.33
NL,2013,2.6,131.58333333333334,32992.17,8.2,0.0,3.97,20.59
NL,2014,0.3,133.0,33723.85,8.4,1.08,2.22,2.44
NL,2015,0.2,132.0,34551.5,7.9,-0.75,2.45,-5.95
NL,2016,0.1,130.0,34975.7,7.0,-1.52,1.23,-11.39
NL,2017,1.3,130.0,35426.38,5.9,0.0,1.29,-15.71
NL,2018,1.6,130.0,35838.18,4.9,0.0,1.16,-16.95
NL,2019,2.7,128.0,37402.24,4.4,-1.54,4.36,-10.2
NL,2020,1.1,131.0,39142.87,4.9,2.34,4.65,11.36
NL,2021,2.8,132.0,40660.61,4.2,0.76,3.88,-14.29
NL,2022,11.6,134.0,42311.5,3.5,1.52,4.06,-16.67
NL,2023,4.1,131.0,45156.38,3.6,-2.24,6.72,2.86
NL,2024,3.2,134.0,47892.48,3.7,2.29,6.06,2.78
NL,2025,3.0,134.0,47892.48,3.9,0.0,0.0,5.41
PL,2000,10.1,74.58333333333333,4153.75,6.7043478260869565,,,
PL,2001,5.3,74.58333333333333,4882.23,6.7043478260869565,0.0,17.54,0.0
PL,2002,1.9,74.58333333333333,4750.55,6.7043478260869565,0.0,-2.7,0.0
PL,2003,0.7,74.58333333333333,4338.05,8.5,0.0,-8.68,26.78
PL,2004,3.6,74.58333333333333,4289.22,8.5,0.0,-1.13,0.0
PL,2005,2.2,74.58333333333333,4965.12,8.5,0.0,15.76,0.0
PL,2006,1.3,74.58333333333333,5356.19,8.5,0.0,7.88,0.0
PL,2007,2.6,74.58333333333333,6163.2,8.5,0.0,15.07,0.0
PL,2008,4.2,74.58333333333333,7195.04,8.5,0.0,16.74,0.0
PL,2009,4.0,74.58333333333333,6093.94,8.5,0.0,-15.3,0.0
PL,2010,2.7,74.58333333333333,6896.23,10.0,0.0,13.17,17.65
PL,2011,3.9,74.58333333333333,7085.75,10.0,0.0,2.75,0.0
PL,2012,3.7,74.58333333333333,7235.5,10.4,0.0,2.11,4.0
PL,2013,0.8,74.58333333333333,7466.23,10.6,0.0,3.19,1.92
PL,2014,0.1,68.0,7991.17,9.2,-8.83,7.03,-13.21
PL,2015,-0.7,70.0,8275.99,7.7,2.94,3.56,-16.3
PL,2016,-0.2,69.0,8200.43,6.3,-1.43,-0.91,-18.18
PL,2017,1.6,70.0,8975.57,5.0,1.45,9.45,-20.63
PL,2018,1.2,72.0,9618.59,3.9,2.86,7.16,-22.0
PL,2019,2.2,74.0,10225.78,3.3,2.78,6.31,-15.38
PL,2020,3.6,79.0,11376.35,3.2,6.76,11.25,-3.03
PL,2021,5.2,79.0,11134.57,3.4,0.0,-2.13,6.25
PL,2022,13.2,78.0,12503.72,2.9,-1.27,12.3,-14.71
PL,2023,10.8,77.0,14487.18,2.8,-1.28,15.86,-3.45
PL,2024,3.7,78.0,17002.36,2.9,1.3,17.36,3.57
PL,2025,3.3,81.0,17002.36,3.1,3.85,0.0,6.9
PT,2000,2.8,77.5,8676.61,10.408695652173913,,,
PT,2001,4.4,77.5,9175.94,10.408695652173913,0.0,5.75,0.0
PT,2002,3.7,77.5,9499.25,10.408695652173913,0.0,3.52,0.0
PT,2003,3.2,77.5,9843.15,11.2,0.0,3.62,7.6
PT,2004,2.5,77.5,10158.59,11.2,0.0,3.2,0.0
PT,2005,2.1,77.5,10586.56,11.2,0.0,4.21,0.0
PT,2006,3.0,77.5,10882.77,11.2,0.0,2.8,0.0
PT,2007,2.4,77.5,11362.96,11.2,0.0,4.41,0.0
PT,2008,2.6,77.5,11715.22,11.2,0.0,3.1,0.0
PT,2009,-0.9,77.5,12006.44,11.2,0.0,2.49,0.0
PT,2010,1.4,77.5,12189.88,12.6,0.0,1.53,12.5
PT,2011,3.6,77.5,12008.16,13.5,0.0,-1.49,7.14
PT,2012,2.8,77.5,12253.01,16.6,0.0,2.04,22.96
PT,2013,0.4,77.5,11729.3,17.2,0.0,-4.27,3.61
PT,2014,-0.2,77.0,11663.77,14.6,-0.65,-0.56,-15.12
PT,2015,0.5,76.0,11535.88,13.0,-1.3,-1.1,-10.96
PT,2016,0.6,77.0,11704.24,11.5,1.32,1.46,-11.54
PT,2017,1.6,76.0,11938.3,9.2,-1.3,2.0,-20.0
PT,2018,1.2,77.0,12401.75,7.2,1.32,3.88,-21.74
PT,2019,0.3,77.0,12823.4,6.6,0.0,3.4,-8.33
PT,2020,-0.1,75.0,12934.79,7.1,-2.6,0.87,7.58
PT,2021,0.9,74.0,13502.54,6.7,-1.33,4.39,-5.63
PT,2022,8.1,77.0,14213.56,6.2,4.05,5.27,-7.46
PT,2023,5.3,81.0,15301.09,6.5,5.19,7.65,4.84
PT,2024,2.7,82.0,16946.92,6.5,1.23,10.76,0.0
PT,2025,2.2,81.0,16946.92,6.0,-1.22,0.0,-7.69
RO,2000,45.7,67.58333333333333,3957.79,7.369565217391305,,,
RO,2001,34.5,67.58333333333333,3957.79,7.369565217391305,0.0,0.0,0.0
RO,2002,22.5,67.58333333333333,3957.79,7.369565217391305,0.0,0.0,0.0
RO,2003,15.3,67.58333333333333,3957.79,8.4,0.0,0.0,13.98
RO,2004,11.9,67.58333333333333,3957.79,8.4,0.0,0.0,0.0
RO,2005,9.1,67.58333333333333,3957.79,8.4,0.0,0.0,0.0
RO,2006,6.6,67.58333333333333,3957.79,8.4,0.0,0.0,0.0
RO,2007,4.9,67.58333333333333,3957.79,8.4,0.0,0.0,0.0
RO,2008,7.9,67.58333333333333,3957.79,8.4,0.0,0.0,0.0
RO,2009,5.6,67.58333333333333,3575.08,8.4,0.0,-9.67,0.0
RO,2010,6.1,67.58333333333333,3872.44,9.0,0.0,8.32,7.14
RO,2011,5.8,67.58333333333333,4081.39,9.1,0.0,5.4,1.11
RO,2012,3.4,67.58333333333333,4000.73,8.7,0.0,-1.98,-4.4
RO,2013,3.2,67.58333333333333,4340.64,9.0,0.0,8.5,3.45
RO,2014,1.4,55.0,4610.25,8.6,-18.62,6.21,-4.44
RO,2015,-0.4,56.0,5117.82,8.4,1.82,11.01,-2.33
RO,2016,-1.1,58.0,5518.93,7.2,3.57,7.84,-14.29
RO,2017,1.1,62.0,6049.96,6.1,6.9,9.62,-15.28
RO,2018,4.1,65.0,6669.59,5.3,4.84,10.24,-13.11
RO,2019,3.9,69.0,7230.37,4.9,6.15,8.41,-7.55
RO,2020,2.3,72.0,7629.63,6.1,4.35,5.52,24.49
RO,2021,4.1,72.0,8069.82,5.6,0.0,5.77,-8.2
RO,2022,12.0,72.0,9083.98,5.6,0.0,12.57,0.0
RO,2023,9.7,75.0,10525.08,5.6,4.17,15.86,0.0
RO,2024,5.8,77.0,12654.52,5.4,2.67,20.23,-3.57
RO,2025,6.8,78.0,12654.52,6.1,1.3,0.0,12.96
SE,2000,1.3,117.66666666666667,20684.65,7.71304347826087,,,
SE,2001,2.7,117.66666666666667,20321.66,7.71304347826087,0.0,-1.75,0.0
SE,2002,1.9,117.66666666666667,21700.56,7.71304347826087,0.0,6.79,0.0
SE,2003,2.3,117.66666666666667,22139.37,7.9,0.0,2.02,2.42
SE,2004,1.0,117.66666666666667,22945.65,7.9,0.0,3.64,0.0
SE,2005,0.8,117.66666666666667,23388.42,7.9,0.0,1.93,0.0
SE,2006,1.5,117.66666666666667,24243.82,7.2,0.0,3.66,-8.86
SE,2007,1.7,117.66666666666667,26364.04,6.3,0.0,8.75,-12.5
SE,2008,3.3,117.66666666666667,26789.77,6.3,0.0,1.61,0.0
SE,2009,1.9,117.66666666666667,25451.97,8.5,0.0,-4.99,34.92
SE,2010,1.9,117.66666666666667,29043.96,8.7,0.0,14.11,2.35
SE,2011,1.4,117.66666666666667,31319.63,7.9,0.0,7.84,-9.2
SE,2012,0.9,117.66666666666667,33473.42,8.1,0.0,6.88,2.53
SE,2013,0.4,117.66666666666667,34473.44,8.1,0.0,2.99,0.0
SE,2014,0.2,125.0,33923.28,8.0,6.23,-1.6,-1.23
SE,2015,0.7,126.0,33389.85,7.5,0.8,-1.57,-6.25
SE,2016,1.1,123.0,33711.94,7.1,-2.38,0.96,-5.33
SE,2017,1.9,119.0,33923.05,6.8,-3.25,0.63,-4.23
SE,2018,2.0,117.0,32688.36,6.5,-1.68,-3.64,-4.41
SE,2019,1.7,117.0,32427.59,6.9,0.0,-0.8,6.15
SE,2020,0.7,120.0,33366.68,8.5,2.56,2.9,23.19
SE,2021,2.7,120.0,35485.73,8.9,0.0,6.35,4.71
SE,2022,8.1,113.0,35188.72,7.5,-5.83,-0.84,-15.73
SE,2023,5.9,111.0,34207.06,7.7,-1.77,-2.79,2.67
SE,2024,2.0,111.0,36147.03,8.4,0.0,5.67,9.09
SE,2025,2.6,110.0,36147.03,8.8,-0.9,0.0,4.76
SI,2000,9.0,86.58333333333333,5731.72,6.247826086956523,,,
SI,2001,8.6,86.58333333333333,6372.14,6.247826086956523,0.0,11.17,0.0
SI,2002,7.5,86.58333333333333,6948.28,6.247826086956523,0.0,9.04,0.0
SI,2003,5.6,86.58333333333333,7517.19,5.9,0.0,8.19,-5.57
SI,2004,3.7,86.58333333333333,8011.04,5.9,0.0,6.57,0.0
SI,2005,2.4,86.58333333333333,8474.72,5.9,0.0,5.79,0.0
SI,2006,2.5,86.58333333333333,8915.99,5.9,0.0,5.21,0.0
SI,2007,3.8,86.58333333333333,9820.88,5.9,0.0,10.15,0.0
SI,2008,5.5,86.58333333333333,10556.93,5.9,0.0,7.49,0.0
SI,2009,0.9,86.58333333333333,10782.68,5.9,0.0,2.14,0.0
SI,2010,2.1,86.58333333333333,11284.13,7.3,0.0,4.65,23.73
SI,2011,2.1,86.58333333333333,11567.85,8.2,0.0,2.51,12.33
SI,2012,2.8,86.58333333333333,11707.47,8.9,0.0,1.21,8.54
SI,2013,1.9,86.58333333333333,11824.18,10.1,0.0,1.0,13.48
SI,2014,0.4,82.0,11980.57,9.7,-5.29,1.32,-3.96
SI,2015,-0.8,81.0,12062.45,9.0,-1.22,0.68,-7.22
SI,2016,-0.2,82.0,12202.35,8.0,1.23,1.16,-11.11
SI,2017,1.6,84.0,12487.25,6.6,2.44,2.33,-17.5
SI,2018,1.9,86.0,12902.38,5.1,2.38,3.32,-22.73
SI,2019,1.7,87.0,13298.17,4.4,1.16,3.07,-13.73
SI,2020,-0.3,88.0,13896.79,5.0,1.15,4.5,13.64
SI,2021,2.0,88.0,14601.22,4.8,0.0,5.07,-4.0
SI,2022,9.3,89.0,15668.4,4.0,1.14,7.31,-16.67
SI,2023,7.2,91.0,17113.88,3.7,2.25,9.23,-7.5
SI,2024,2.0,90.0,17864.75,3.7,-1.1,4.39,0.0
SI,2025,2.5,91.0,17864.75,3.9,1.11,0.0,5.41
SK,2000,12.2,73.5,4196.64,10.017391304347827,,,
SK,2001,7.2,73.5,4333.99,10.017391304347827,0.0,3.27,0.0
SK,2002,3.5,73.5,4549.97,10.017391304347827,0.0,4.98,0.0
SK,2003,8.4,73.5,4804.77,12.0,0.0,5.6,19.79
SK,2004,7.5,73.5,5247.64,12.0,0.0,9.22,0.0
SK,2005,2.8,73.5,5644.51,12.0,0.0,7.56,0.0
SK,2006,4.3,73.5,6018.99,12.0,0.0,6.63,0.0
SK,2007,1.9,73.5,6408.4,12.0,0.0,6.47,0.0
SK,2008,3.9,73.5,7023.15,12.0,0.0,9.59,0.0
SK,2009,0.9,73.5,7264.52,12.0,0.0,3.44,0.0
SK,2010,0.7,73.5,7493.69,14.3,0.0,3.15,19.17
SK,2011,4.1,73.5,7642.75,13.5,0.0,1.99,-5.59
SK,2012,3.7,73.5,7797.27,13.9,0.0,2.02,2.96
SK,2013,1.5,73.5,7936.58,14.1,0.0,1.79,1.44
SK,2014,-0.1,78.0,8250.32,13.1,6.12,3.95,-7.09
SK,2015,-0.3,78.0,8426.75,11.5,0.0,2.14,-12.21
SK,2016,-0.5,73.0,8654.34,9.6,-6.41,2.7,-16.52
SK,2017,1.4,70.0,8961.03,8.1,-4.11,3.54,-15.62
SK,2018,2.5,70.0,9464.61,6.5,0.0,5.62,-19.75
SK,2019,2.8,70.0,9975.02,5.7,0.0,5.39,-12.31
SK,2020,2.0,74.0,10250.84,6.7,5.71,2.77,17.54
SK,2021,2.8,74.0,10982.5,6.8,0.0,7.14,1.49
SK,2022,12.1,71.0,11846.85,6.1,-4.05,7.87,-10.29
SK,2023,11.0,74.0,13027.56,5.8,4.23,9.97,-4.92
SK,2024,3.2,75.0,14069.86,5.3,1.35,8.0,-8.62
SK,2025,4.2,75.0,14069.86,5.4,0.0,0.0,1.89
